Code,Country
AFG,Afghanistan
ALB,Albania
DZA,Algeria
AND,Andorra
AGO,Angola
ATG,Antigua and Barbuda
ARG,Argentina
ARM,Armenia
AUS,Australia
AUT,Austria
AZE,Azerbaijan
BHS,Bahamas
BHR,Bahrain
BGD,Bangladesh
BRB,Barbados
BLR,Belarus
BEL,Belgium
BLZ,Belize
BEN,Benin
BTN,Bhutan
BOL,Bolivia (Plurinational State of)
BIH,Bosnia and Herzegovina
BWA,Botswana
BRA,Brazil
BRN,Brunei Darussalam
BGR,Bulgaria
BFA,Burkina Faso
BDI,Burundi
KHM,Cambodia
CMR,Cameroon
CAN,Canada
CPV,Cabo Verde
CAF,Central African Republic
TCD,Chad
CHL,Chile
CHN,China
COL,Colombia
COM,Comoros
COG,Congo
COK,Cook Islands
CRI,Costa Rica
HRV,Croatia
CUB,Cuba
CYP,Cyprus
CZE,Czechia
CIV,Cote d'Ivoire
PRK,Democratic People's Republic of Korea
COD,Democratic Republic of the Congo
DNK,Denmark
DJI,Djibouti
DMA,Dominica
DOM,Dominican Republic
ECU,Ecuador
EGY,Egypt
SLV,El Salvador
GNQ,Equatorial Guinea
ERI,Eritrea
EST,Estonia
ETH,Ethiopia
FJI,Fiji
FIN,Finland
FRA,France
GAB,Gabon
GMB,Gambia
GEO,Georgia
DEU,Germany
GHA,Ghana
GRC,Greece
GRD,Grenada
GTM,Guatemala
GIN,Guinea
GNB,Guinea-Bissau
GUY,Guyana
HTI,Haiti
HND,Honduras
HUN,Hungary
ISL,Iceland
IND,India
IDN,Indonesia
IRN,Iran (Islamic Republic of)
IRQ,Iraq
IRL,Ireland
ISR,Israel
ITA,Italy
JAM,Jamaica
JPN,Japan
JOR,Jordan
KAZ,Kazakhstan
KEN,Kenya
KIR,Kiribati
KWT,Kuwait
KGZ,Kyrgyzstan
LAO,Lao People's Democratic Republic
LVA,Latvia
LBN,Lebanon
LSO,Lesotho
LBR,Liberia
LBY,Libya
LTU,Lithuania
LUX,Luxembourg
MDG,Madagascar
MWI,Malawi
MYS,Malaysia
MDV,Maldives
MLI,Mali
MLT,Malta
MHL,Marshall Islands
MRT,Mauritania
MUS,Mauritius
MEX,Mexico
FSM,Micronesia (Federated States of)
MCO,Monaco
MNG,Mongolia
ME1,The former state union Serbia and Montenegro
MAR,Morocco
MOZ,Mozambique
MMR,Myanmar
NAM,Namibia
NRU,Nauru
NPL,Nepal
NLD,Netherlands (Kingdom of the)
NZL,New Zealand
NIC,Nicaragua
NER,Niger
NGA,Nigeria
NIU,Niue
NOR,Norway
OMN,Oman
PAK,Pakistan
PLW,Palau
PAN,Panama
PNG,Papua New Guinea
PRY,Paraguay
PER,Peru
PHL,Philippines
POL,Poland
PRT,Portugal
QAT,Qatar
KOR,Republic of Korea
MDA,Republic of Moldova
ROU,Romania
RUS,Russian Federation
RWA,Rwanda
KNA,Saint Kitts and Nevis
LCA,Saint Lucia
VCT,Saint Vincent and the Grenadines
WSM,Samoa
SMR,San Marino
STP,Sao Tome and Principe
SAU,Saudi Arabia
SEN,Senegal
SRB,Serbia
SYC,Seychelles
SLE,Sierra Leone
SGP,Singapore
SVK,Slovakia
SVN,Slovenia
SLB,Solomon Islands
SOM,Somalia
ZAF,South Africa
ESP,Spain
LKA,Sri Lanka
SDN,Sudan
SUR,Suriname
SWZ,Eswatini
SWE,Sweden
CHE,Switzerland
SYR,Syrian Arab Republic
TJK,Tajikistan
THA,Thailand
MKD,North Macedonia
TLS,Timor-Leste
TGO,Togo
TON,Tonga
TTO,Trinidad and Tobago
TUN,Tunisia
TUR,Turkiye
TKM,Turkmenistan
TUV,Tuvalu
UGA,Uganda
UKR,Ukraine
ARE,United Arab Emirates
GBR,United Kingdom of Great Britain and Northern Ireland
TZA,United Republic of Tanzania
USA,United States of America
URY,Uruguay
UZB,Uzbekistan
VUT,Vanuatu
VEN,Venezuela (Bolivarian Republic of)
VNM,Viet Nam
YEM,Yemen
ZMB,Zambia
ZWE,Zimbabwe
MNE,Montenegro
REU,Reunion
XOD,Rodrigues
AIA,Anguilla
ABW,Aruba
BMU,Bermuda
VGB,British Virgin Islands
CYM,Cayman Islands
FLK,Falkland Islands (Malvinas)
GLP,Guadeloupe
MTQ,Martinique
MSR,Montserrat
ANT,Netherlands Antilles
PRI,Puerto Rico
SPM,Saint Pierre and Miquelon
TCA,Turks and Caicos Islands
VIR,Virgin Islands (USA)
XX1,"China, Province of Taiwan only"
HKG,"China, Hong Kong Special Administrative Region"
MAC,"China, Macao Special Administrative Region"
XX4,Ryu Kyu Islands
XX5,"Czechoslovakia, Former"
XX6,"Germany, Former Democratic Republic"
XX7,"Germany, Former Federal Republic"
XX8,"Germany, West Berlin"
XX9,"USSR, Former"
GUF,French Guiana
X10,"United Kingdom, England and Wales"
X11,"United Kingdom, Northern Ireland"
X12,"United Kingdom, Scotland"
X13,"Yugoslavia, Former"
SCG,"Serbia and Montenegro, Former"
PSE,"occupied Palestinian territory, including east Jerusalem"
NA,NA
GUM,Guam
MYT,Mayotte
PYF,French Polynesia
FRO,Faroe Islands
GRL,Greenland
SHN,Saint Helena
NCL,New Caledonia
ASM,American Samoa
TKL,Tokelau
MNP,Northern Mariana Islands
GIB,Gibraltar
LIE,Liechtenstein
PCN,Pitcairn Island
WLF,Wallis and Futuna Islands
NFK,Norfolk Island
BES,"Bonaire, Saint Eustatius and Saba"
CUW,Cura√ßao
SXM,Sint Maarten (Dutch part)
SSD,South Sudan
SDF,Sudan (former)
CHI,Channel islands
IMN,Isle of Man
XKX,Kosovo (in accordance with UN Security Council resolution 1244 (1999))